chr	start	end	snp_map	SNP	BP	A1	A2	b	varbeta	se	p	MAF	N	type	sdY	phenotype_id	study_id
9	136055803	136466717	chr9:136149399:G:A	9:136149399:G:A	136149399	G	A	0.5196	0.00032041	0.0179	2.92286124675506e-185	0.1776	9234	quant	0.87822847877813	full	seq.13124.20
15	74144368	75246105	chr15:74488145:C:T	15:74488145:T:C	74488145	C	T	0.2239	0.00025281	0.0159	4.91690852243121e-45	0.2159	9241	quant	0.87822847877813	full	seq.13124.20
